ID,MALIGNANT
91805,False
87163,False
864018,False
91930402,True
86208,True
913505,True
897132,False
926682,True
8712064,False
882488,False
874217,True
8711803,True
895299,False
862028,True
8811523,False
9112366,False
902727,False
8910251,False
911201,False
8915,False
852552,True
88466802,False
8610862,True
91544002,False
8611161,False
88147101,False
857810,False
843786,True
915186,False
8911164,False
901288,True
89812,True
864729,True
91550,False
884948,True
8810436,False
901034301,False
9113514,False
892214,False
905680,False
85715,True
9113538,True
904302,False
891936,False
91979701,False
922576,False
89511502,False
873357,False
89864002,False
914366,False
86135501,False
91594602,False
85713702,False
88411702,False
857010,True
9011971,True
912193,False
864033,False
893526,False
8612080,False
915691,True
8953902,True
892399,False
89143602,False
926125,True
921386,False
916799,True
91376702,False
907409,False
857373,False
9012000,True
8913,False
865468,False
862548,False
891670,False
88206102,True
921362,False
892189,False
88299702,True
8611792,True
88995002,True
868223,False
916838,True
87164,True
9111596,False
8912055,False
8910721,False
892604,False
867739,True
898678,False
888264,False
861799,False
909231,False
8510653,False
892657,False
901041,False
886452,False
926424,True
87106,False
906616,False
863270,False
893783,False
886226,True
862722,False
873885,False
919537,False
871122,False
86730502,True
904357,False
907145,False
905189,False
857438,False
903011,False
868999,False
85922302,True
897604,False
9013005,False
88199202,False
869931,False
844981,True
89143601,False
90944601,False
9011495,False
845636,False
868202,False
862261,False
912600,False
911408,False
923748,False
842302,True
901836,False
903483,False
859983,False
9010872,False
859464,False
9013838,True
8811842,True
89813,False
917092,False
866714,False
862009,False
8912049,True
84458202,True
869218,False
902975,False
911366,False
902976,False
911296201,True
868826,True
914062,True
881861,True
91485,True
862485,False
871201,True
8812818,False
887181,True
91762702,True
853201,True
901549,False
89742801,True
8510426,False
914580,False
86561,False
8860702,True
90401601,False
904969,False
91376701,False
9110944,False
91903901,False
89827,False
915664,False
8911800,False
91227,False
906290,False
911916,True
87556202,True
911296202,True
894090,False
8712291,False
855167,False
854002,True
858981,False
914862,False
869254,False
9111843,False
844359,True
906024,False
924084,False
859471,False
873593,True
863030,True
8812877,True
9113239,False
857374,False
852973,True
88350402,False
888570,True
8911163,True
88249602,False
912519,False
851509,True
903516,True
8910499,False
911685,False
9112712,False
8610175,False
857392,True
907914,True
927241,True
88330202,True
8912909,False
894335,False
8910996,False
8612399,True
846226,True
8610404,True
88649001,True
857793,True
8810158,False
8610629,False
9110732,True
921385,False
879804,False
897880,False
875263,True
862717,False
846381,False
881046502,True
90769601,False
86973701,False
9010258,False
914101,False
903811,False
91544001,False
8711003,False
8711216,False
897137,False
898143,False
8810528,False
8911834,False
894618,True
877501,False
874858,True
862965,False
915143,True
8611555,True
87930,False
88518501,False
901034302,False
8712766,True
8811779,False
899987,True
8810703,True
86355,True
889719,True
852763,True
922577,False
89869,False
84862001,True
842517,True
908469,False
9010259,False
9113778,False
858986,True
859711,False
854039,True
873843,False
859283,True
862989,False
889403,False
9012568,False
911384,False
89344,False
8912280,True
856106,True
8910988,True
89346,False
8910506,False
90401602,False
903554,False
88725602,True
865423,True
925622,True
871642,False
